[{"model": "sessions.session", "pk": "ktt7l7srlhbnu6gvmeve43bbi6wev5x9", "fields": {"session_data": "Njc5MjBjYzQzZWMwNGFjOWZhOTZkZjdkYjQ5Y2M0ZjY5MTE3MzkyZTp7ImFjY291bnRfdmVyaWZpZWRfZW1haWwiOm51bGwsImFjY291bnRfdXNlciI6IjUiLCJfYXV0aF91c2VyX2lkIjoiNSIsIl9hdXRoX3VzZXJfYmFja2VuZCI6ImRqYW5nby5jb250cmliLmF1dGguYmFja2VuZHMuTW9kZWxCYWNrZW5kIiwiX2F1dGhfdXNlcl9oYXNoIjoiOTllYzIzMTAyZDUxNjI3NGY3YzBlZGI0Y2NhZTc0NmMxNTkwZDIzNyIsIl9zZXNzaW9uX2V4cGlyeSI6MH0=", "expire_date": "2020-06-09T20:11:39.809Z"}}, {"model": "sessions.session", "pk": "nmvrqnum7yfx0zu3od3eedm1k9hilieo", "fields": {"session_data": "MWYzODBhYWM2N2E2OTE4ZmJlMzJmYTMyNTExYzNiMzM2YmU2N2I0NDp7Il9hdXRoX3VzZXJfaWQiOiI0IiwiX2F1dGhfdXNlcl9iYWNrZW5kIjoiZGphbmdvLmNvbnRyaWIuYXV0aC5iYWNrZW5kcy5Nb2RlbEJhY2tlbmQiLCJfYXV0aF91c2VyX2hhc2giOiIxNTc5ODRjZGY2MDBhNGY0NjI3NjQwZjM3ZWE5ODE5NjlmM2ZkZTA5IiwiX3Nlc3Npb25fZXhwaXJ5IjowfQ==", "expire_date": "2020-06-24T22:35:45.794Z"}}, {"model": "sessions.session", "pk": "ovq70hbr5tcmtt816sy21dh981hirq29", "fields": {"session_data": "ODc1NTBhZWMzYTE2YjgwOGEyMzQ1YmE4NjNkMzJiNjc0OTZlYjNkYzp7Il9hdXRoX3VzZXJfaWQiOiI4IiwiX2F1dGhfdXNlcl9iYWNrZW5kIjoiZGphbmdvLmNvbnRyaWIuYXV0aC5iYWNrZW5kcy5Nb2RlbEJhY2tlbmQiLCJfYXV0aF91c2VyX2hhc2giOiIyOGU3OGQxYmZkNzZkOGExZGMyYjdjYmFlNGU3MjBmZGNiZmE0YTM4In0=", "expire_date": "2020-06-15T18:20:46.962Z"}}, {"model": "sessions.session", "pk": "tdum93ed7dcq2eqr3whpcw0c4aur1i2t", "fields": {"session_data": "N2Y4ZjA2ZjNkOTZmYjE3OGU3YjkyMzBhZmFjYWJlM2MxNWU5ZjI2Mzp7ImFjY291bnRfdmVyaWZpZWRfZW1haWwiOm51bGwsImFjY291bnRfdXNlciI6ImEiLCJfYXV0aF91c2VyX2lkIjoiNCIsIl9hdXRoX3VzZXJfYmFja2VuZCI6ImRqYW5nby5jb250cmliLmF1dGguYmFja2VuZHMuTW9kZWxCYWNrZW5kIiwiX2F1dGhfdXNlcl9oYXNoIjoiMTU3OTg0Y2RmNjAwYTRmNDYyNzY0MGYzN2VhOTgxOTY5ZjNmZGUwOSIsIl9zZXNzaW9uX2V4cGlyeSI6MH0=", "expire_date": "2020-06-25T21:05:57.459Z"}}, {"model": "sites.site", "pk": 1, "fields": {"domain": "example.com", "name": "example.com"}}, {"model": "accounts.profile", "pk": 1, "fields": {"password": "pbkdf2_sha256$180000$vihcDnLsrwQI$OHG4sQi4/cstzPM1oWEUIfbHIkB+/K6Ud90DSo1F7SU=", "last_login": "2020-05-20T12:28:05.388Z", "is_superuser": false, "username": "wafistos4", "first_name": "Jim", "last_name": "Mameri", "email": "wafistos4@gmail.com", "is_staff": false, "is_active": true, "date_joined": "2020-05-20T12:28:05.291Z", "picture": "picture/wafi.png", "adress1": "Alger Centre", "adress2": "123 rue des cendres", "ville": "Alger", "codezip": "16000", "contry": "Algeria", "phone": "055512345", "discriptions": "Amateur de Jeux Videos", "groups": [], "user_permissions": []}}, {"model": "accounts.profile", "pk": 2, "fields": {"password": "pbkdf2_sha256$180000$Zdk38iNcSWeu$3aeqr9rCnYvUHETPr8n2MlN3rJnXxUoy7f6kzCPoBr0=", "last_login": "2020-06-01T09:43:34.049Z", "is_superuser": false, "username": "wafi", "first_name": "wafi", "last_name": "mameri", "email": "wafi@gmail.com", "is_staff": false, "is_active": true, "date_joined": "2020-05-26T19:30:38.302Z", "picture": "picture/profile2.jpeg", "adress1": "Annaba", "adress2": "12 rue de la belle etoiles", "ville": "Annaba", "codezip": "23 000", "contry": "Algerie", "phone": "(213) 342 343 234", "discriptions": "Salut TLM", "groups": [], "user_permissions": []}}, {"model": "accounts.profile", "pk": 3, "fields": {"password": "pbkdf2_sha256$180000$7zqo5JJaUAfH$Ov4GV683CL6BweFBdybYgLCFfSMgrYcPdIaKQVcZ0Mo=", "last_login": "2020-05-26T19:43:52.211Z", "is_superuser": false, "username": "Jimmy", "first_name": "jim", "last_name": "MAMERI", "email": "jimmy@gmail.com", "is_staff": false, "is_active": true, "date_joined": "2020-05-26T19:43:03.275Z", "picture": "picture/profile3.jpg", "adress1": "Belle vue", "adress2": "15 avenue des artistes", "ville": "Bejaia", "codezip": "06000", "contry": "Algeria", "phone": "(213) 342 343 232", "discriptions": "Salut TLM", "groups": [], "user_permissions": []}}, {"model": "accounts.profile", "pk": 4, "fields": {"password": "pbkdf2_sha256$180000$EnYGiVD9Vu2T$5i4aKFe8YHDja7aQ1cAr37YqCe2ppHHwbjd0W9naWjE=", "last_login": "2020-06-11T21:05:57.457Z", "is_superuser": false, "username": "amine", "first_name": "amine", "last_name": "MAMERI", "email": "amine@gmail.com", "is_staff": false, "is_active": true, "date_joined": "2020-05-26T19:54:24.196Z", "picture": "picture/profile4.jpeg", "adress1": "Bab Ezzour", "adress2": "25 avenue des roses", "ville": "Alger", "codezip": "16000", "contry": "Algerie", "phone": "(213) 342 343 111", "discriptions": "Salut TLM", "groups": [], "user_permissions": []}}, {"model": "accounts.profile", "pk": 5, "fields": {"password": "pbkdf2_sha256$180000$nxoO71wYuxPE$6AqPHVrB3pZGlzUPHGbjgCi0vfHiXSN04rxbFuYwwCI=", "last_login": "2020-05-26T20:11:39.807Z", "is_superuser": false, "username": "nabil", "first_name": "nabil", "last_name": "MAMERI", "email": "nabil@gmail.com", "is_staff": false, "is_active": true, "date_joined": "2020-05-26T20:11:09.214Z", "picture": "picture/profile5.png", "adress1": "Alger centre", "adress2": "23 boulvard des lilas", "ville": "Alger", "codezip": "16000", "contry": "Algerie", "phone": "(213) 342 343 333", "discriptions": "Salut TLM", "groups": [], "user_permissions": []}}, {"model": "accounts.profile", "pk": 6, "fields": {"password": "pbkdf2_sha256$180000$yKD4jG7lQrhh$HnblaVyKqMI1KH6eGA1Oh9Yp53AH3L2pgM+a7w/bWzY=", "last_login": "2020-05-31T20:16:42.626Z", "is_superuser": true, "username": "wafistos", "first_name": "", "last_name": "", "email": "wafi@gmail.com", "is_staff": true, "is_active": true, "date_joined": "2020-05-31T20:16:08.217Z", "picture": "default.jpg", "adress1": "", "adress2": "", "ville": "", "codezip": "", "contry": "", "phone": "", "discriptions": "", "groups": [], "user_permissions": []}}, {"model": "accounts.profile", "pk": 8, "fields": {"password": "pbkdf2_sha256$180000$JovzzvB3g23I$lFRK6e27BBvGP0dWpPTYhLXc5yG05C0capngvtwBL5I=", "last_login": "2020-06-01T18:20:46.961Z", "is_superuser": true, "username": "admin", "first_name": "", "last_name": "", "email": "", "is_staff": true, "is_active": true, "date_joined": "2020-06-01T18:20:39.930Z", "picture": "default.jpg", "adress1": "", "adress2": "", "ville": "", "codezip": "", "contry": "", "phone": "", "discriptions": "", "groups": [], "user_permissions": []}}, {"model": "accounts.profile", "pk": 10, "fields": {"password": "pbkdf2_sha256$180000$uvA8vTz0bvST$w7ChD7L16wu5GYbZIKcd2y7a0oFnsb+jqJ39yLNKryw=", "last_login": null, "is_superuser": false, "username": "lina", "first_name": "mameri", "last_name": "MAMERI", "email": "mameri.wafi@gmail.com", "is_staff": false, "is_active": true, "date_joined": "2020-06-11T19:43:48.139Z", "picture": "picture/openclassroom.png", "adress1": "Alger centre", "adress2": "12 rue de la belle etoiles", "ville": "Alger", "codezip": "16000", "contry": "Algerie", "phone": "+213 324 234 23", "discriptions": "Salut TLM", "groups": [], "user_permissions": []}}, {"model": "annonce.categorie", "pk": 1, "fields": {"name": "EMPLOI"}}, {"model": "annonce.categorie", "pk": 2, "fields": {"name": "LOISIRS"}}, {"model": "annonce.categorie", "pk": 3, "fields": {"name": "V\u00c9HICULES"}}, {"model": "annonce.categorie", "pk": 4, "fields": {"name": " MODE"}}, {"model": "annonce.categorie", "pk": 5, "fields": {"name": " MULTIM\u00c9DIA"}}, {"model": "annonce.categorie", "pk": 6, "fields": {"name": "SERVICES"}}, {"model": "annonce.categorie", "pk": 7, "fields": {"name": "IMMOBILIER"}}, {"model": "annonce.categorie", "pk": 8, "fields": {"name": "DIVERS"}}, {"model": "annonce.annonce", "pk": "0f4c161c-af42-4802-a305-86477d1f8d23", "fields": {"title": "Appartement 4 pi\u00e8ces 90 m\u00b2", "product": "Appartement", "type_annonce": "Vente", "price": "899000.00", "categories": 7, "description": "EXCLUSIVITE, Appartement 4 pi\u00e8ces, 90 m\u00b2 + balcon filant\r\n\r\nDans un immeuble 1950, bel appartement familial de 90 m\u00b2 avec balcon filant et baies vitr\u00e9es, comportant un grand s\u00e9jour, une cuisine \u00e9quip\u00e9e toute neuve, trois chambres, une salle d'eau, une buanderie et un WC. Cet appartement est moderne et fonctionnel. A noter un \u00e9l\u00e9ment de confort rare \u00e0 Paris : la climatisation. Le sol est en parquet.", "owner": 5, "created": "2020-05-26", "update": "2020-05-26", "favorite": []}}, {"model": "annonce.annonce", "pk": "10c3b558-0f03-4e53-9c3e-cfc16dce2ac9", "fields": {"title": "Console Xbox One 500Go", "product": "Console", "type_annonce": "Vente", "price": "100.00", "categories": 2, "description": "Bonjour,\r\n\r\nNous vendons cette console Xbox One 500Go en tr\u00e8s bonne \u00e9tat.\r\nSuite \u00e0 l'achat d'une Xbox One X, nous n'en n'avons plus l'utilit\u00e9.\r\n\r\n- Console Xbox One500 Go\r\n- Manette sans fil Xbox One \r\n- Boitier d\u2019alimentation \r\n- C\u00e2ble HDMI\r\n- 2 jeux (Call Of Duty black ops 3 & 4)", "owner": 4, "created": "2020-05-26", "update": "2020-05-26", "favorite": [2]}}, {"model": "annonce.annonce", "pk": "13a84e39-fccc-4a1e-be1c-da4051fb3768", "fields": {"title": "Loue tr\u00e8s beau Appartement avec terrasse", "product": "Appartement", "type_annonce": "Location", "price": "800.00", "categories": 7, "description": "Rue Louise Michel, Id\u00e9alement situ\u00e9 \u00e0 1 min du m\u00e9tro Louise Michel et du march\u00e9. Charmant 2 pi\u00e8ces de 39m\u00b2, sur cour (tr\u00e8s calme), tr\u00e8s lumineux et tr\u00e8s fonctionnel au 2\u00e8me \u00e9tage. L'appartement est compos\u00e9 d'une entr\u00e9e spacieuse d'une cuisine \u00e9quip\u00e9e, d'une salle de bains avec douche, de wc s\u00e9par\u00e9 avec lavabo, d'un s\u00e9jour avec cuisine ouverte et d'une spacieuse chambre avec un grand dressing.  Merci de joindre dans votre demande, votre adresse e mail; afin d'\u00eatre recontact\u00e9 rapidement.", "owner": 5, "created": "2020-05-26", "update": "2020-05-26", "favorite": []}}, {"model": "annonce.annonce", "pk": "29ba38fc-033c-485b-9dc5-22b4222a74c9", "fields": {"title": "Red dead redemption 2 xbox one s et x", "product": "Jeux video", "type_annonce": "Vente", "price": "20.00", "categories": 5, "description": "Comme neuf avec ses 2 dvd", "owner": 4, "created": "2020-05-26", "update": "2020-05-26", "favorite": []}}, {"model": "annonce.annonce", "pk": "3263e9f2-aeee-4d34-897a-84bb21435516", "fields": {"title": "Lot consoles et jeux videos", "product": "Consoles jeux", "type_annonce": "Vente", "price": "150.00", "categories": 2, "description": "Bonjour,\r\nJe vend une parti de ma collection pour financer un autre projet.\r\nIl y a un peu de tous \r\nPs1,ps2,psvita,xbox1,360,xbox one,snes,n64,megadrive,advance,game boy,wii..\r\n\r\nFaire propositions s\u00e9rieuse.. \r\nJe suis du c\u00f4t\u00e9 de bayeux/Caen je peux me d\u00e9placer raisonnablement.", "owner": 3, "created": "2020-05-26", "update": "2020-05-26", "favorite": []}}, {"model": "annonce.annonce", "pk": "4035d87a-d0e5-4017-8b27-b30c86a653d0", "fields": {"title": "Cours particuliers ANGLAIS", "product": "Service", "type_annonce": "Service", "price": "15.00", "categories": 6, "description": "Hello! Besoin d'apprendre l'anglais? Je peux vous aider!\r\n\r\nTrilingue (fran\u00e7ais, anglais, italien) depuis plus de 20 ans et fort d'une exp\u00e9rience de pr\u00e8s de 8 ans dans l'enseignement des langues \u00e9trang\u00e8res, j'enseigne depuis quelques ann\u00e9es aux jeunes \u00e9l\u00e8ves coll\u00e8ge et lyc\u00e9e l'apprentissage de l'anglais en soutien scolaire. \r\nMes m\u00e9thodes permettent de diversifier l'apprentissage scolaire parfois trop basique et d'\u00e9lever votre enfant en lui permettant un nouveau regard bien plus ludique. \r\nVous \u00eates adultes ? Aucun soucis, mes m\u00e9thodes s'appliquant \u00e0 diff\u00e9rents \u00e2ges.\r\nAvec moi, vous am\u00e9liorerez votre anglais conversationnel, votre grammaire et votre orthographe. Je vous aiderai \u00e9galement \u00e0 approfondir vos connaissances de la culture anglophone \u00e0 travers les \u00e9changes culturels.\r\nJ'habite \u00e0 Cergy et serais ravie de me d\u00e9placer dans le Val d'Oise o\u00f9 de vous recevoir \u00e0 mon domicile.\r\nN'h\u00e9sitez pas \u00e0 me contacter si vous avez des questions!", "owner": 2, "created": "2020-05-28", "update": "2020-05-28", "favorite": [2]}}, {"model": "annonce.annonce", "pk": "4f015047-4e20-4931-a9d4-7b0cabf63c41", "fields": {"title": "Cours Anglais par SKYPE tous niveaux", "product": "Service", "type_annonce": "Service", "price": "20.00", "categories": 6, "description": "Bonjour \u00e0 tous! Hello everyone! \r\n\r\nJe suis dipl\u00f4m\u00e9 d\u2019un MBA de l'univerist\u00e9 de New York. J\u2019ai v\u00e9cu plusieurs ann\u00e9es aux \u00c9tats Unis\r\n\r\nEn effet j'ensiegne l'\u2019anglais depuis des ann\u00e9es aux plus jeunes, etudiants mais \u00e9galement aux adultes professionel \r\nje vous propose des cours personalis\u00e9 par Skype et individuel, je peux \u00e9galement faire des cours en groupe \r\nje suis passionn\u00e9 par la langue Anglaise depuis le plus jeune \u00e2ge. j'ai v\u00e9vu plusieurs ann\u00e9es \u00e0 Manhathan. \r\nJe propose des cours d\u2019anglais via Skype. \r\nMes cours s\u2019adressent au primaire - coll\u00e8ge \u2013 lyc\u00e9e \u2013 sup\u00e9rieur- pr\u00e9pa \u2013 adultes\r\nJe pr\u00e9pare \u00e9galement aux diff\u00e9rents TESTS (TOEIC, TOEFL, IELTS), CONCOURS ADMINISTRATIFS, ENTRETIENS et ANGLAIS G\u00c9N\u00c9RAL ET DES AFFAIRES.\r\nExpression orale/compr\u00e9hension orale/ exercices en ligne\r\nJe vous aiderai \u00e0 passer avec succ\u00e8s tous les tests requis pour valider vos dipl\u00f4mes de GRANDES \u00c9COLES.\r\n- Une p\u00e9dagogie et une m\u00e9thodologie sp\u00e9cifique \u00e0 chacun\r\n- Des exercices adapt\u00e9s pour des progr\u00e8s rapides\r\nN\u2019h\u00e9sitez plus c'est le moment d'apprendre une nouvelle langue ou bien de progresser en Anglais\r\n\r\nJe vous propose de vous aider dans la lecture/\u00e9criture de vos documents pour enfants et adultes \r\nj'aide tous les niveaux , je vous aide \u00e0 la pr\u00e9paration de vos examens. \r\nCours en ligne sur Skype selon nos disponibilit\u00e9s!\r\n\u00c9galement j\u2019offre mes services de traduction du Francais vers l'anglais ou de l'anglais vers le fran\u00e7ais. Je suis sp\u00e9cialis\u00e9e dans les traductions techniques (\u00e9conomiques, touristiques, etc.), commerciales ainsi que litt\u00e9raires\r\nTout ce que vous avez \u00e0 faire est de m'envoyer un mail avec le document \u00e0 traduire et d'indiquer s'il y a un d\u00e9lais \u00e0 respecter. De cette fa\u00e7on, je peux voir la longueur du texte, de quoi il s'agit et quelle est la difficult\u00e9, et ainsi pouvoir vous proposer un devis adapt\u00e9 \u00e0 votre projet.\r\n- Plusieurs ann\u00e9es d'exp\u00e9rience ;\r\n- D\u00e9lais de r\u00e9ponse rapides ;\r\n- Livraison dans les d\u00e9lais ;\r\n- Disponible 7/7 ;\r\n- Tarif au mot.\r\nN'h\u00e9sitez pas \u00e0 me contacter pour tout renseignement ou pour un devis sans engagement, je serai heureux de travailler pour vous !\r\n\r\nN\u2019h\u00e9sitez pas \u00e0 me contactez pour plus d'informations\r\nCordialement", "owner": 2, "created": "2020-05-28", "update": "2020-05-31", "favorite": [6, 2]}}, {"model": "annonce.annonce", "pk": "612f514e-167e-48b7-8a60-0ac64bb878e3", "fields": {"title": "Location petite maison atypique", "product": "maison", "type_annonce": "Location", "price": "760.00", "categories": 7, "description": "Petite maison de plein pied situ\u00e9e au calme au fond d'une all\u00e9e. Elle comprend une chambre s\u00e9par\u00e9e, un  salon/salle \u00e0 manger, une cuisine, une salle d'eau et un cellier attenant.  Elle dispose  d'un jardinet de 80m2. \r\nPossibilit\u00e9 de se garer dans la rue gratuitement.  Bus \u00e0 proximit\u00e9.", "owner": 5, "created": "2020-05-26", "update": "2020-05-26", "favorite": []}}, {"model": "annonce.annonce", "pk": "65f02f45-29a1-46a3-9215-1b408033f789", "fields": {"title": "Studio meubl\u00e9", "product": "Studio", "type_annonce": "Location", "price": "375.00", "categories": 7, "description": "Agr\u00e9able studio meubl\u00e9 dans r\u00e9sidence calme \u00e0 proximit\u00e9 des fac avec parking comprenant 1 entr\u00e9e avec placard une pi\u00e8ce principale avec un coin cuisine \u00e9quip\u00e9e, une salle de bains avec wc\r\nLibre le 15 ao\u00fbt 2020", "owner": 5, "created": "2020-05-26", "update": "2020-05-26", "favorite": []}}, {"model": "annonce.annonce", "pk": "831b9e2a-86c0-4fa8-be3f-ebc9250789bb", "fields": {"title": "Xbox one s 500g + 3manettes +3jeux", "product": "console", "type_annonce": "Vente", "price": "150.00", "categories": 5, "description": "Je mets en vente ma console. Elle est dans 1 bon \u00e9tat. Je donne 3 manettes ainsi que 3 jeux. Aucun envoi \u00e0 venir r\u00e9cup\u00e9rer sur place je dispose de la bo\u00eete.", "owner": 4, "created": "2020-05-26", "update": "2020-05-26", "favorite": []}}, {"model": "annonce.annonce", "pk": "a302e83a-53c3-4daf-9810-f0acad98c222", "fields": {"title": "console Ps4 Slim", "product": "Console jeux", "type_annonce": "Vente", "price": "200.00", "categories": 2, "description": "Une console Ps4 presque neuve tres  peu utiliser", "owner": 1, "created": "2020-05-20", "update": "2020-05-20", "favorite": [1, 3, 4]}}, {"model": "annonce.annonce", "pk": "add2301b-79f2-46b0-ac54-c32b2125cc06", "fields": {"title": "Cours de maths/physique par \u00e9l\u00e8ve ing\u00e9nieure", "product": "Service", "type_annonce": "Service", "price": "17.00", "categories": 6, "description": "Je propose des cours/soutien de maths et physique de niveau coll\u00e8ge \u00e0 lyc\u00e9e toute sp\u00e9cialit\u00e9.\r\n\r\nJe suis actuellement \u00e9l\u00e8ve en \u00e9cole d'ing\u00e9nieur, apr\u00e8s 2 ans de classe pr\u00e9paratoire scientifique et un bac S mention Tr\u00e8s Bien (avec 19 en maths, physique et SVT et une moyenne de 18.5).\r\nJ'ai 2 ans d'exp\u00e9rience en soutien scolaire. Ainsi, je porte une importance particuli\u00e8re \u00e0 la :\r\n- m\u00e9thodologie, afin d'apprendre aux \u00e9l\u00e8ves \u00e0 travailler mieux en autonomie.\r\n- compr\u00e9hension profonde du cours, pour permettre aux \u00e9l\u00e8ves de pouvoir aborder des exercices allant de la simple application \u00e0 l'approfondissement.\r\nLe tarif horaire est de 17 euros pour les coll\u00e9giens et 20 euros pour les lyc\u00e9ens\r\nVous pouvez me contacter au 06.75.99.56.21, de pr\u00e9f\u00e9rence d'abord par message.", "owner": 2, "created": "2020-05-28", "update": "2020-05-28", "favorite": []}}, {"model": "annonce.annonce", "pk": "cd5c73de-ac42-400e-96c5-ad0e168deaac", "fields": {"title": "Voiture Clios 3 Avendre", "product": "Voiture", "type_annonce": "Vente", "price": "2800.00", "categories": 3, "description": "Vehicule en tr\u00e8s bon \u00e9tat dont le moteur \u00e0 \u00e9t\u00e9 chang\u00e9 , v\u00e9hicule suivie en entretien moteur avec 65000km la Caisse 190000km ,\r\nTr\u00e8s bon v\u00e9hicule, je le vend \u00e0 contrecoeur pour achat utilitaire.\r\nDescription du v\u00e9hicule 4x4 - SUV\r\nMazda CX-7 2.2L MZR-CD - Performance - Mazda CX-7 2.2L MZR-CD - Performance - 11 CV.\r\nCouleur carrosserie : noir.\r\nEmission CO2 : 199 g/km", "owner": 3, "created": "2020-05-26", "update": "2020-05-26", "favorite": [4]}}, {"model": "annonce.image", "pk": 1, "fields": {"annonce_images": "a302e83a-53c3-4daf-9810-f0acad98c222", "image": "image/ps4-1.jpeg"}}, {"model": "annonce.image", "pk": 2, "fields": {"annonce_images": "a302e83a-53c3-4daf-9810-f0acad98c222", "image": "image/ps4-2.jpg"}}, {"model": "annonce.image", "pk": 3, "fields": {"annonce_images": "cd5c73de-ac42-400e-96c5-ad0e168deaac", "image": "image/voiture1.jpg"}}, {"model": "annonce.image", "pk": 4, "fields": {"annonce_images": "cd5c73de-ac42-400e-96c5-ad0e168deaac", "image": "image/voiture3.jpg"}}, {"model": "annonce.image", "pk": 5, "fields": {"annonce_images": "cd5c73de-ac42-400e-96c5-ad0e168deaac", "image": "image/voiture2.jpeg"}}, {"model": "annonce.image", "pk": 6, "fields": {"annonce_images": "3263e9f2-aeee-4d34-897a-84bb21435516", "image": "image/consoles1.jpg"}}, {"model": "annonce.image", "pk": 7, "fields": {"annonce_images": "3263e9f2-aeee-4d34-897a-84bb21435516", "image": "image/console3.jpg"}}, {"model": "annonce.image", "pk": 8, "fields": {"annonce_images": "3263e9f2-aeee-4d34-897a-84bb21435516", "image": "image/console2.jpg"}}, {"model": "annonce.image", "pk": 9, "fields": {"annonce_images": "10c3b558-0f03-4e53-9c3e-cfc16dce2ac9", "image": "image/xbox1.jpg"}}, {"model": "annonce.image", "pk": 10, "fields": {"annonce_images": "10c3b558-0f03-4e53-9c3e-cfc16dce2ac9", "image": "image/xbox3.jpg"}}, {"model": "annonce.image", "pk": 11, "fields": {"annonce_images": "10c3b558-0f03-4e53-9c3e-cfc16dce2ac9", "image": "image/xbox2.jpg"}}, {"model": "annonce.image", "pk": 12, "fields": {"annonce_images": "831b9e2a-86c0-4fa8-be3f-ebc9250789bb", "image": "image/xbox4.jpg"}}, {"model": "annonce.image", "pk": 13, "fields": {"annonce_images": "831b9e2a-86c0-4fa8-be3f-ebc9250789bb", "image": "image/xbox6.jpg"}}, {"model": "annonce.image", "pk": 14, "fields": {"annonce_images": "831b9e2a-86c0-4fa8-be3f-ebc9250789bb", "image": "image/xbox5.jpg"}}, {"model": "annonce.image", "pk": 15, "fields": {"annonce_images": "29ba38fc-033c-485b-9dc5-22b4222a74c9", "image": "image/jeux1.jpg"}}, {"model": "annonce.image", "pk": 16, "fields": {"annonce_images": "29ba38fc-033c-485b-9dc5-22b4222a74c9", "image": "image/jeux2.jpg"}}, {"model": "annonce.image", "pk": 17, "fields": {"annonce_images": "0f4c161c-af42-4802-a305-86477d1f8d23", "image": "image/appart1.jpg"}}, {"model": "annonce.image", "pk": 18, "fields": {"annonce_images": "0f4c161c-af42-4802-a305-86477d1f8d23", "image": "image/appart2.jpg.jpg"}}, {"model": "annonce.image", "pk": 19, "fields": {"annonce_images": "0f4c161c-af42-4802-a305-86477d1f8d23", "image": "image/appart3.jpg"}}, {"model": "annonce.image", "pk": 20, "fields": {"annonce_images": "0f4c161c-af42-4802-a305-86477d1f8d23", "image": "image/appart2.jpg"}}, {"model": "annonce.image", "pk": 21, "fields": {"annonce_images": "65f02f45-29a1-46a3-9215-1b408033f789", "image": "image/studio1.jpg"}}, {"model": "annonce.image", "pk": 22, "fields": {"annonce_images": "65f02f45-29a1-46a3-9215-1b408033f789", "image": "image/studio2.jpg"}}, {"model": "annonce.image", "pk": 23, "fields": {"annonce_images": "65f02f45-29a1-46a3-9215-1b408033f789", "image": "image/studio3.jpg"}}, {"model": "annonce.image", "pk": 24, "fields": {"annonce_images": "65f02f45-29a1-46a3-9215-1b408033f789", "image": "image/studio3_F6JJBtI.jpg"}}, {"model": "annonce.image", "pk": 25, "fields": {"annonce_images": "65f02f45-29a1-46a3-9215-1b408033f789", "image": "image/studio2.jpg"}}, {"model": "annonce.image", "pk": 26, "fields": {"annonce_images": "65f02f45-29a1-46a3-9215-1b408033f789", "image": "image/studio1_4NmZoOm.jpg"}}, {"model": "annonce.image", "pk": 27, "fields": {"annonce_images": "13a84e39-fccc-4a1e-be1c-da4051fb3768", "image": "image/terass3.jpg"}}, {"model": "annonce.image", "pk": 28, "fields": {"annonce_images": "13a84e39-fccc-4a1e-be1c-da4051fb3768", "image": "image/terass2.jpg"}}, {"model": "annonce.image", "pk": 29, "fields": {"annonce_images": "13a84e39-fccc-4a1e-be1c-da4051fb3768", "image": "image/terass1.jpg"}}, {"model": "annonce.image", "pk": 30, "fields": {"annonce_images": "612f514e-167e-48b7-8a60-0ac64bb878e3", "image": "image/maison2.jpg"}}, {"model": "annonce.image", "pk": 31, "fields": {"annonce_images": "612f514e-167e-48b7-8a60-0ac64bb878e3", "image": "image/maison3.jpg"}}, {"model": "annonce.image", "pk": 32, "fields": {"annonce_images": "612f514e-167e-48b7-8a60-0ac64bb878e3", "image": "image/maison1.jpg"}}, {"model": "annonce.image", "pk": 33, "fields": {"annonce_images": "4035d87a-d0e5-4017-8b27-b30c86a653d0", "image": "image/cours1.jpg"}}, {"model": "annonce.image", "pk": 34, "fields": {"annonce_images": "add2301b-79f2-46b0-ac54-c32b2125cc06", "image": "image/cour2.jpg"}}, {"model": "annonce.image", "pk": 35, "fields": {"annonce_images": "4f015047-4e20-4931-a9d4-7b0cabf63c41", "image": "image/cour3.jpg"}}, {"model": "annonce.image", "pk": 36, "fields": {"annonce_images": "4f015047-4e20-4931-a9d4-7b0cabf63c41", "image": "image/cour3.jpg"}}, {"model": "annonce.image", "pk": 37, "fields": {"annonce_images": "4f015047-4e20-4931-a9d4-7b0cabf63c41", "image": "image/cour3.jpg"}}, {"model": "annonce.image", "pk": 38, "fields": {"annonce_images": "4f015047-4e20-4931-a9d4-7b0cabf63c41", "image": "image/cour3.jpg"}}, {"model": "annonce.image", "pk": 39, "fields": {"annonce_images": "4f015047-4e20-4931-a9d4-7b0cabf63c41", "image": "image/cour3.jpg"}}, {"model": "annonce.image", "pk": 40, "fields": {"annonce_images": "4f015047-4e20-4931-a9d4-7b0cabf63c41", "image": "image/cour3.jpg"}}, {"model": "annonce.image", "pk": 41, "fields": {"annonce_images": "4f015047-4e20-4931-a9d4-7b0cabf63c41", "image": "image/cour3.jpg"}}, {"model": "annonce.image", "pk": 42, "fields": {"annonce_images": "4f015047-4e20-4931-a9d4-7b0cabf63c41", "image": "image/cour3.jpg"}}, {"model": "annonce.image", "pk": 43, "fields": {"annonce_images": "4f015047-4e20-4931-a9d4-7b0cabf63c41", "image": "image/cour3.jpg"}}, {"model": "annonce.image", "pk": 44, "fields": {"annonce_images": "4f015047-4e20-4931-a9d4-7b0cabf63c41", "image": "image/cour3.jpg"}}, {"model": "annonce.image", "pk": 45, "fields": {"annonce_images": "4f015047-4e20-4931-a9d4-7b0cabf63c41", "image": "image/cour3.jpg"}}, {"model": "annonce.image", "pk": 46, "fields": {"annonce_images": "4f015047-4e20-4931-a9d4-7b0cabf63c41", "image": "image/cour3.jpg"}}, {"model": "annonce.image", "pk": 47, "fields": {"annonce_images": "4f015047-4e20-4931-a9d4-7b0cabf63c41", "image": "image/cour3.jpg"}}, {"model": "annonce.image", "pk": 48, "fields": {"annonce_images": "4f015047-4e20-4931-a9d4-7b0cabf63c41", "image": "image/cour3.jpg"}}, {"model": "annonce.image", "pk": 49, "fields": {"annonce_images": "4f015047-4e20-4931-a9d4-7b0cabf63c41", "image": "image/cour3.jpg"}}, {"model": "annonce.image", "pk": 50, "fields": {"annonce_images": "4f015047-4e20-4931-a9d4-7b0cabf63c41", "image": "image/cour3.jpg"}}, {"model": "annonce.comment", "pk": 1, "fields": {"commented_by": 3, "for_post": "a302e83a-53c3-4daf-9810-f0acad98c222", "content": "Belle annonce ", "create_content": "2020-05-26", "reply": null}}, {"model": "annonce.comment", "pk": 2, "fields": {"commented_by": 4, "for_post": "cd5c73de-ac42-400e-96c5-ad0e168deaac", "content": "Belle voiture, je suis interesse ", "create_content": "2020-05-26", "reply": null}}, {"model": "annonce.comment", "pk": 3, "fields": {"commented_by": 4, "for_post": "a302e83a-53c3-4daf-9810-f0acad98c222", "content": "Salut, c'est quel model svp?", "create_content": "2020-05-26", "reply": null}}, {"model": "annonce.comment", "pk": 4, "fields": {"commented_by": 2, "for_post": "10c3b558-0f03-4e53-9c3e-cfc16dce2ac9", "content": "Bonjour, vous livrez en Algerie svp?", "create_content": "2020-05-29", "reply": null}}, {"model": "annonce.comment", "pk": 5, "fields": {"commented_by": 6, "for_post": "4f015047-4e20-4931-a9d4-7b0cabf63c41", "content": "Une reduction pour un mois de cours ! c'est possible ? ", "create_content": "2020-06-01", "reply": null}}, {"model": "annonce.mpuser", "pk": 1, "fields": {"sender": 6, "reciever": 2, "subject": "Salut", "message": "Bonjour, je voudrais savoir si c'est possible de faire une reduction pour un abonnement de plusieurs mois? merci", "created_at": "2020-06-01T09:43:03.744Z", "is_reader": false}}, {"model": "account.emailaddress", "pk": 1, "fields": {"user": 1, "email": "wafistos4@gmail.com", "verified": false, "primary": true}}, {"model": "account.emailaddress", "pk": 2, "fields": {"user": 2, "email": "wafi@gmail.com", "verified": true, "primary": true}}, {"model": "account.emailaddress", "pk": 3, "fields": {"user": 3, "email": "jimmy@gmail.com", "verified": true, "primary": true}}, {"model": "account.emailaddress", "pk": 4, "fields": {"user": 4, "email": "amine@gmail.com", "verified": true, "primary": true}}, {"model": "account.emailaddress", "pk": 5, "fields": {"user": 5, "email": "nabil@gmail.com", "verified": true, "primary": true}}, {"model": "account.emailaddress", "pk": 9, "fields": {"user": 10, "email": "mameri.wafi@gmail.com", "verified": false, "primary": true}}, {"model": "admin.logentry", "pk": 1, "fields": {"action_time": "2020-06-01T18:21:04.308Z", "user": 8, "content_type": 12, "object_id": "7", "object_repr": "lina", "action_flag": 3, "change_message": ""}}, {"model": "admin.logentry", "pk": 2, "fields": {"action_time": "2020-06-01T20:10:54.322Z", "user": 8, "content_type": 12, "object_id": "9", "object_repr": "lina", "action_flag": 3, "change_message": ""}}]